timestamp,temperature,voltage,current,battery,pressure,vibration,is_anomaly,anomaly_type
2026-08-29 00:00:00,22.609,28.477,4.979,87.547,100.758,0.219,0,NONE
2026-08-29 00:05:00,19.92,28.313,4.745,87.465,100.501,0.209,0,NONE
2026-08-29 00:10:00,23.501,27.748,4.855,88.99,101.821,0.235,0,NONE
2026-08-29 00:15:00,48.474,27.474,5.222,88.159,101.602,0.217,1,THERMAL
2026-08-29 00:20:00,18.098,26.962,5.001,87.691,99.614,0.243,0,NONE
2026-08-29 00:25:00,48.451,27.81,5.119,88.224,102.647,0.232,1,THERMAL
2026-08-29 00:30:00,22.256,28.847,5.235,86.104,101.187,0.253,0,NONE
2026-08-29 00:35:00,21.368,28.152,4.869,87.72,99.967,0.213,0,NONE
2026-08-29 00:40:00,21.966,27.804,5.265,89.318,102.727,0.232,0,NONE
2026-08-29 00:45:00,20.294,28.163,5.133,87.791,102.051,0.189,0,NONE
2026-08-29 00:50:00,23.759,27.454,4.568,87.704,99.783,0.179,0,NONE
2026-08-29 00:55:00,23.556,27.896,5.505,88.054,103.433,0.26,0,NONE
2026-08-29 01:00:00,22.132,28.035,4.825,88.296,102.091,0.208,0,NONE
2026-08-29 01:05:00,24.254,27.97,4.421,85.947,101.288,0.228,0,NONE
2026-08-29 01:10:00,22.935,28.277,4.634,86.164,103.208,0.204,0,NONE
2026-08-29 01:15:00,20.281,28.121,4.643,87.643,101.491,0.179,0,NONE
2026-08-29 01:20:00,22.738,28.234,5.018,86.868,101.266,0.2,0,NONE
2026-08-29 01:25:00,20.082,27.759,4.904,88.455,100.508,0.25,0,NONE
2026-08-29 01:30:00,23.757,28.314,4.882,87.118,101.998,0.219,0,NONE
2026-08-29 01:35:00,21.9,28.57,5.217,85.787,101.872,0.14,0,NONE
2026-08-29 01:40:00,21.63,27.66,5.119,86.286,101.318,0.192,0,NONE
2026-08-29 01:45:00,20.638,27.689,5.111,85.065,100.352,0.262,0,NONE
2026-08-29 01:50:00,24.445,28.468,5.143,87.043,101.456,0.193,0,NONE
2026-08-29 01:55:00,21.691,24.931,5.216,87.044,101.216,0.137,1,VOLTAGE
2026-08-29 02:00:00,21.143,28.491,4.262,86.82,99.7,0.266,0,NONE
2026-08-29 02:05:00,21.296,27.845,4.872,87.988,99.534,0.224,0,NONE
2026-08-29 02:10:00,23.065,28.509,4.237,88.049,101.978,0.198,0,NONE
2026-08-29 02:15:00,22.731,28.046,5.013,86.919,98.178,0.187,0,NONE
2026-08-29 02:20:00,22.825,28.09,4.998,85.312,101.546,0.238,0,NONE
2026-08-29 02:25:00,22.862,28.548,5.366,87.479,100.726,0.181,0,NONE
2026-08-29 02:30:00,26.283,27.873,5.416,87.394,102.87,0.24,0,NONE
2026-08-29 02:35:00,41.657,27.671,5.071,87.163,100.708,0.219,1,THERMAL
2026-08-29 02:40:00,20.976,27.843,4.825,87.665,102.091,0.209,0,NONE
2026-08-29 02:45:00,20.372,28.158,5.17,85.913,100.824,0.205,0,NONE
2026-08-29 02:50:00,23.232,27.452,4.815,88.417,101.436,0.194,0,NONE
2026-08-29 02:55:00,24.258,28.223,5.0,86.007,102.184,0.237,0,NONE
2026-08-29 03:00:00,21.772,27.811,5.345,87.339,100.745,0.17,0,NONE
2026-08-29 03:05:00,20.32,28.402,4.805,85.355,102.496,0.143,0,NONE
2026-08-29 03:10:00,20.351,27.162,5.282,85.926,100.108,0.222,0,NONE
2026-08-29 03:15:00,23.301,27.725,5.237,87.848,101.654,0.222,0,NONE
2026-08-29 03:20:00,23.487,27.41,4.666,86.391,102.407,1.09,1,VIBRATION
2026-08-29 03:25:00,23.086,27.711,5.341,87.237,102.092,0.214,0,NONE
2026-08-29 03:30:00,20.669,28.087,5.244,86.72,103.6,0.189,0,NONE
2026-08-29 03:35:00,22.464,27.937,5.036,86.411,100.384,0.228,0,NONE
2026-08-29 03:40:00,22.233,27.911,4.733,87.551,99.645,2.234,1,VIBRATION
2026-08-29 03:45:00,22.437,27.944,4.699,86.236,100.107,0.183,0,NONE
2026-08-29 03:50:00,23.743,28.071,4.812,84.965,102.093,0.189,0,NONE
2026-08-29 03:55:00,22.447,27.647,5.19,85.712,101.898,0.271,0,NONE
2026-08-29 04:00:00,23.358,28.247,4.666,86.761,101.423,0.139,0,NONE
2026-08-29 04:05:00,22.135,28.232,5.153,86.601,99.952,0.217,0,NONE
2026-08-29 04:10:00,22.578,28.135,4.565,84.996,102.22,0.141,0,NONE
2026-08-29 04:15:00,23.263,28.195,4.929,85.636,99.83,0.196,0,NONE
2026-08-29 04:20:00,19.086,28.104,5.038,85.715,102.691,0.185,0,NONE
2026-08-29 04:25:00,21.361,23.9,5.856,85.853,104.729,0.127,1,VOLTAGE
2026-08-29 04:30:00,21.059,27.97,4.518,85.009,101.74,0.214,0,NONE
2026-08-29 04:35:00,20.722,27.893,5.515,85.572,102.0,0.187,0,NONE
2026-08-29 04:40:00,21.45,27.736,5.052,85.457,100.709,0.127,0,NONE
2026-08-29 04:45:00,24.99,27.639,5.144,86.622,99.128,0.229,0,NONE
2026-08-29 04:50:00,20.268,27.564,5.041,86.617,100.577,0.25,0,NONE
2026-08-29 04:55:00,23.937,27.689,5.156,85.818,99.989,0.252,0,NONE
2026-08-29 05:00:00,18.634,27.975,4.946,85.586,99.564,0.213,0,NONE
2026-08-29 05:05:00,21.33,28.117,5.509,85.977,103.367,0.202,0,NONE
2026-08-29 05:10:00,22.326,28.018,4.84,85.177,101.627,0.246,0,NONE
2026-08-29 05:15:00,23.172,27.732,5.396,84.878,101.756,0.259,0,NONE
2026-08-29 05:20:00,23.422,28.315,4.774,85.008,113.197,0.24,1,PRESSURE
2026-08-29 05:25:00,23.587,28.259,4.979,85.217,101.093,0.167,0,NONE
2026-08-29 05:30:00,21.303,27.944,4.625,84.759,102.457,0.207,0,NONE
2026-08-29 05:35:00,21.075,27.771,5.159,85.785,101.261,0.215,0,NONE
2026-08-29 05:40:00,23.716,28.192,5.506,86.204,101.937,0.137,0,NONE
2026-08-29 05:45:00,21.617,28.066,4.973,84.315,101.065,0.216,0,NONE
2026-08-29 05:50:00,19.449,27.493,4.931,85.57,100.889,0.28,0,NONE
2026-08-29 05:55:00,19.733,27.976,4.61,85.339,99.612,0.222,0,NONE
2026-08-29 06:00:00,20.161,28.092,4.92,85.753,98.927,0.252,0,NONE
2026-08-29 06:05:00,22.994,27.685,4.443,85.435,100.986,0.206,0,NONE
2026-08-29 06:10:00,22.285,28.066,4.68,84.247,101.368,0.197,0,NONE
2026-08-29 06:15:00,23.381,27.491,5.079,84.365,99.757,0.213,0,NONE
2026-08-29 06:20:00,21.145,28.468,5.462,85.364,101.259,0.171,0,NONE
2026-08-29 06:25:00,22.317,28.437,5.983,86.128,101.365,0.166,0,NONE
2026-08-29 06:30:00,23.251,27.912,4.795,83.499,98.713,0.244,0,NONE
2026-08-29 06:35:00,21.381,28.127,5.502,85.512,100.202,0.248,0,NONE
2026-08-29 06:40:00,22.914,27.157,5.085,86.152,101.789,0.165,0,NONE
2026-08-29 06:45:00,20.676,27.595,4.947,85.043,101.764,0.234,0,NONE
2026-08-29 06:50:00,21.274,27.897,5.151,85.57,99.916,0.197,0,NONE
2026-08-29 06:55:00,21.237,24.238,5.022,84.533,101.49,0.212,1,VOLTAGE
2026-08-29 07:00:00,19.608,28.25,5.039,84.965,102.527,0.216,0,NONE
2026-08-29 07:05:00,22.974,28.699,4.857,83.728,102.232,0.235,0,NONE
2026-08-29 07:10:00,21.061,27.588,4.511,83.115,101.186,0.203,0,NONE
2026-08-29 07:15:00,22.025,27.707,4.46,85.709,100.738,1.057,1,VIBRATION
2026-08-29 07:20:00,22.961,28.082,5.229,84.132,100.545,0.211,0,NONE
2026-08-29 07:25:00,22.893,28.564,4.903,84.521,101.861,0.222,0,NONE
2026-08-29 07:30:00,23.331,27.572,4.791,83.741,101.534,0.171,0,NONE
2026-08-29 07:35:00,21.803,28.087,5.003,83.687,102.055,0.276,0,NONE
2026-08-29 07:40:00,21.153,28.637,5.278,84.641,101.458,0.216,0,NONE
2026-08-29 07:45:00,21.841,27.422,5.063,84.161,102.283,0.225,0,NONE
2026-08-29 07:50:00,18.625,27.552,4.77,85.012,101.414,0.144,0,NONE
2026-08-29 07:55:00,19.106,27.852,5.429,85.037,102.242,0.171,0,NONE
2026-08-29 08:00:00,19.355,27.818,5.553,84.897,102.345,0.243,0,NONE
2026-08-29 08:05:00,20.006,28.284,5.173,84.796,100.335,0.21,0,NONE
2026-08-29 08:10:00,22.8,22.802,5.341,85.832,99.13,0.133,1,VOLTAGE
2026-08-29 08:15:00,20.189,27.379,5.435,83.681,103.152,0.236,0,NONE
2026-08-29 08:20:00,21.244,28.18,5.396,84.456,101.608,0.181,0,NONE
2026-08-29 08:25:00,24.598,27.798,5.215,85.371,99.243,0.249,0,NONE
2026-08-29 08:30:00,21.287,28.446,5.209,85.442,100.443,0.197,0,NONE
2026-08-29 08:35:00,23.475,27.78,5.182,83.258,102.226,0.207,0,NONE
2026-08-29 08:40:00,37.271,27.777,4.616,84.11,100.964,0.241,1,THERMAL
2026-08-29 08:45:00,21.589,28.189,5.245,9.635,100.686,0.169,1,BATTERY
2026-08-29 08:50:00,20.1,28.267,4.525,84.696,102.981,0.165,0,NONE
2026-08-29 08:55:00,21.322,28.157,4.722,84.411,100.043,0.193,0,NONE
2026-08-29 09:00:00,23.681,27.41,5.456,84.046,100.342,0.229,0,NONE
2026-08-29 09:05:00,18.545,28.188,5.294,83.878,101.554,0.153,0,NONE
2026-08-29 09:10:00,22.869,27.638,5.521,84.381,101.769,0.142,0,NONE
2026-08-29 09:15:00,40.401,28.082,4.905,83.913,101.896,0.229,1,THERMAL
2026-08-29 09:20:00,20.812,27.502,4.597,84.046,102.393,0.179,0,NONE
2026-08-29 09:25:00,19.108,28.156,4.916,84.108,101.538,0.186,0,NONE
2026-08-29 09:30:00,22.144,27.718,5.036,83.468,101.887,0.135,0,NONE
2026-08-29 09:35:00,20.941,27.551,5.028,84.401,100.989,0.176,0,NONE
2026-08-29 09:40:00,22.465,28.25,5.397,86.271,101.375,0.2,0,NONE
2026-08-29 09:45:00,22.044,28.085,4.874,82.483,101.429,0.233,0,NONE
2026-08-29 09:50:00,25.204,22.99,5.123,84.129,101.558,0.173,1,VOLTAGE
2026-08-29 09:55:00,21.521,28.508,4.654,83.227,102.227,0.258,0,NONE
2026-08-29 10:00:00,19.953,27.846,5.158,84.262,101.966,0.176,0,NONE
2026-08-29 10:05:00,22.359,28.011,5.001,83.802,101.353,0.176,0,NONE
2026-08-29 10:10:00,22.44,28.094,4.738,84.339,100.329,0.254,0,NONE
2026-08-29 10:15:00,24.718,27.783,4.917,84.635,101.381,0.207,0,NONE
2026-08-29 10:20:00,23.67,28.165,4.936,83.814,101.266,0.181,0,NONE
2026-08-29 10:25:00,48.073,27.813,4.905,84.531,101.532,0.195,1,THERMAL
2026-08-29 10:30:00,24.927,27.856,5.62,81.715,103.948,0.247,0,NONE
2026-08-29 10:35:00,19.622,28.477,4.966,84.827,100.671,0.251,0,NONE
2026-08-29 10:40:00,20.72,27.636,4.915,83.82,101.807,0.171,0,NONE
2026-08-29 10:45:00,20.147,27.156,4.266,84.347,102.582,0.199,0,NONE
2026-08-29 10:50:00,21.22,28.564,4.687,82.474,101.418,0.203,0,NONE
2026-08-29 10:55:00,19.247,28.892,4.908,82.75,104.105,0.165,0,NONE
2026-08-29 11:00:00,23.27,27.858,4.76,83.497,100.846,0.198,0,NONE
2026-08-29 11:05:00,21.556,27.322,5.484,83.331,101.689,0.2,0,NONE
2026-08-29 11:10:00,19.058,27.891,4.942,83.536,100.341,0.24,0,NONE
2026-08-29 11:15:00,19.969,27.9,5.451,84.143,100.878,0.242,0,NONE
2026-08-29 11:20:00,22.627,27.934,5.022,81.828,101.599,0.188,0,NONE
2026-08-29 11:25:00,23.676,27.61,5.013,83.984,102.316,0.193,0,NONE
2026-08-29 11:30:00,25.993,28.203,4.969,83.177,101.683,0.223,0,NONE
2026-08-29 11:35:00,27.828,28.184,5.001,82.972,102.811,0.18,0,NONE
2026-08-29 11:40:00,22.829,27.477,5.602,81.923,101.186,0.221,0,NONE
2026-08-29 11:45:00,20.021,28.245,4.188,83.467,100.901,0.197,0,NONE
2026-08-29 11:50:00,17.736,28.718,4.299,81.099,104.545,0.166,0,NONE
2026-08-29 11:55:00,22.535,28.06,4.81,83.514,118.357,0.167,1,PRESSURE
2026-08-29 12:00:00,20.374,27.882,5.005,81.766,100.437,0.251,0,NONE
2026-08-29 12:05:00,21.169,27.95,5.242,82.968,100.467,0.195,0,NONE
2026-08-29 12:10:00,20.776,28.215,5.166,82.795,100.169,0.257,0,NONE
2026-08-29 12:15:00,21.718,27.394,4.866,83.791,102.424,0.182,0,NONE
2026-08-29 12:20:00,24.132,28.058,5.357,82.677,100.863,0.21,0,NONE
2026-08-29 12:25:00,22.314,27.863,5.361,82.23,101.453,0.284,0,NONE
2026-08-29 12:30:00,21.683,28.647,5.064,82.345,101.224,0.163,0,NONE
2026-08-29 12:35:00,19.929,27.939,5.337,83.733,102.178,2.603,1,VIBRATION
2026-08-29 12:40:00,18.651,28.584,5.095,83.109,100.284,0.245,0,NONE
2026-08-29 12:45:00,21.027,27.614,4.803,82.336,100.009,0.171,0,NONE
2026-08-29 12:50:00,21.892,28.206,5.244,82.421,101.569,0.199,0,NONE
2026-08-29 12:55:00,53.497,28.112,5.039,81.321,102.021,0.179,1,THERMAL
2026-08-29 13:00:00,22.261,27.696,5.0,82.851,101.699,0.209,0,NONE
2026-08-29 13:05:00,23.965,28.062,5.516,81.097,100.329,0.167,0,NONE
2026-08-29 13:10:00,21.001,28.424,4.142,83.071,102.113,0.194,0,NONE
2026-08-29 13:15:00,19.63,27.887,4.504,82.538,100.407,0.216,0,NONE
2026-08-29 13:20:00,20.07,27.408,4.585,84.31,100.674,0.165,0,NONE
2026-08-29 13:25:00,20.55,27.994,4.873,81.485,100.167,0.175,0,NONE
2026-08-29 13:30:00,26.257,27.684,4.911,82.248,102.861,0.188,0,NONE
2026-08-29 13:35:00,20.357,27.88,4.472,83.734,102.06,0.15,0,NONE
2026-08-29 13:40:00,23.677,27.971,4.655,83.213,102.026,0.185,0,NONE
2026-08-29 13:45:00,20.194,27.403,4.699,81.668,102.797,0.204,0,NONE
2026-08-29 13:50:00,23.863,27.435,5.86,82.369,104.675,0.186,0,NONE
2026-08-29 13:55:00,22.77,28.169,5.631,82.157,99.249,0.191,0,NONE
2026-08-29 14:00:00,21.687,27.817,4.856,82.346,100.414,0.199,0,NONE
2026-08-29 14:05:00,21.918,27.102,4.873,81.526,100.561,0.177,0,NONE
2026-08-29 14:10:00,20.69,28.275,4.598,81.979,100.279,0.224,0,NONE
2026-08-29 14:15:00,22.892,28.095,4.332,80.737,100.007,0.25,0,NONE
2026-08-29 14:20:00,21.09,27.75,4.959,82.088,100.94,0.184,0,NONE
2026-08-29 14:25:00,19.549,27.539,4.651,82.305,99.84,0.217,0,NONE
2026-08-29 14:30:00,19.444,28.293,4.97,81.728,101.702,0.192,0,NONE
2026-08-29 14:35:00,22.345,28.122,4.44,80.583,101.362,0.213,0,NONE
2026-08-29 14:40:00,25.158,28.834,4.733,82.631,101.877,0.255,0,NONE
2026-08-29 14:45:00,22.32,28.147,5.052,82.097,101.909,0.218,0,NONE
2026-08-29 14:50:00,21.763,28.136,5.128,81.189,102.024,0.138,0,NONE
2026-08-29 14:55:00,22.572,27.942,5.146,81.511,100.852,0.216,0,NONE
2026-08-29 15:00:00,24.612,28.286,4.538,80.499,103.845,0.243,0,NONE
2026-08-29 15:05:00,22.439,28.219,5.299,80.845,101.581,0.192,0,NONE
2026-08-29 15:10:00,21.178,28.438,4.72,81.2,99.065,0.235,0,NONE
2026-08-29 15:15:00,24.213,27.818,5.222,82.578,100.097,0.176,0,NONE
2026-08-29 15:20:00,22.858,27.848,4.996,81.048,99.211,0.148,0,NONE
2026-08-29 15:25:00,25.072,27.832,4.518,82.037,101.321,0.205,0,NONE
2026-08-29 15:30:00,22.366,28.277,4.889,81.059,101.154,0.139,0,NONE
2026-08-29 15:35:00,19.551,28.524,5.128,81.653,100.738,0.192,0,NONE
2026-08-29 15:40:00,19.264,27.839,5.215,81.307,103.713,0.245,0,NONE
2026-08-29 15:45:00,25.302,27.851,4.951,82.083,101.959,0.133,0,NONE
2026-08-29 15:50:00,25.447,28.11,5.536,80.922,102.171,0.155,0,NONE
2026-08-29 15:55:00,21.641,27.914,5.353,24.047,100.183,0.164,1,BATTERY
2026-08-29 16:00:00,21.234,28.333,4.91,80.174,100.101,0.198,0,NONE
2026-08-29 16:05:00,24.923,27.212,5.263,80.819,112.465,0.187,1,PRESSURE
2026-08-29 16:10:00,19.786,27.711,5.677,80.211,101.508,0.249,0,NONE
2026-08-29 16:15:00,20.211,27.726,5.686,81.503,99.072,0.233,0,NONE
2026-08-29 16:20:00,23.287,27.188,4.57,80.767,101.084,0.217,0,NONE
2026-08-29 16:25:00,21.211,27.663,4.676,83.005,101.317,0.205,0,NONE
2026-08-29 16:30:00,21.99,27.68,5.52,79.68,101.042,0.214,0,NONE
2026-08-29 16:35:00,21.673,27.93,4.63,81.198,100.324,0.17,0,NONE
2026-08-29 16:40:00,22.675,28.39,4.537,80.098,100.653,0.23,0,NONE
2026-08-29 16:45:00,24.815,27.914,4.83,80.57,101.088,0.161,0,NONE
2026-08-29 16:50:00,22.181,27.639,5.147,81.043,101.409,0.229,0,NONE
2026-08-29 16:55:00,23.288,27.98,4.964,79.035,102.026,0.242,0,NONE
2026-08-29 17:00:00,17.9,28.367,4.772,81.049,102.597,0.207,0,NONE
2026-08-29 17:05:00,21.903,27.658,4.764,82.347,100.947,0.194,0,NONE
2026-08-29 17:10:00,20.314,27.681,4.751,80.427,100.753,0.214,0,NONE
2026-08-29 17:15:00,19.562,28.195,4.692,80.963,101.825,0.1,0,NONE
2026-08-29 17:20:00,20.244,27.922,5.799,81.54,102.033,0.211,0,NONE
2026-08-29 17:25:00,21.332,28.227,5.104,80.554,100.779,0.196,0,NONE
2026-08-29 17:30:00,23.832,27.995,5.31,80.185,102.248,0.198,0,NONE
2026-08-29 17:35:00,19.347,28.246,4.829,78.794,102.476,0.225,0,NONE
2026-08-29 17:40:00,22.061,27.638,4.935,81.093,102.85,0.197,0,NONE
2026-08-29 17:45:00,21.032,27.996,4.75,80.454,103.434,0.16,0,NONE
2026-08-29 17:50:00,21.345,27.926,4.072,79.7,100.26,0.195,0,NONE
2026-08-29 17:55:00,24.006,27.574,4.518,80.576,101.317,0.202,0,NONE
2026-08-29 18:00:00,23.076,27.453,4.366,79.973,101.314,0.204,0,NONE
2026-08-29 18:05:00,24.675,28.24,4.213,79.982,101.182,0.206,0,NONE
2026-08-29 18:10:00,21.691,27.877,4.582,80.855,100.521,0.236,0,NONE
2026-08-29 18:15:00,20.608,27.642,5.464,79.264,99.517,2.177,1,VIBRATION
2026-08-29 18:20:00,21.552,27.966,4.984,81.138,101.411,0.206,0,NONE
2026-08-29 18:25:00,22.485,28.395,5.452,79.147,100.378,0.245,0,NONE
2026-08-29 18:30:00,22.353,27.202,5.144,79.7,101.403,0.139,0,NONE
2026-08-29 18:35:00,19.831,27.476,5.274,81.733,100.347,0.206,0,NONE
2026-08-29 18:40:00,22.181,27.677,8.243,81.062,99.98,0.18,1,CURRENT
2026-08-29 18:45:00,22.456,28.511,5.183,80.203,101.581,0.187,0,NONE
2026-08-29 18:50:00,27.035,28.099,5.255,79.338,101.481,0.168,0,NONE
2026-08-29 18:55:00,25.754,28.269,4.798,79.632,101.995,0.194,0,NONE
2026-08-29 19:00:00,20.294,27.601,5.196,80.079,103.923,0.264,0,NONE
2026-08-29 19:05:00,21.425,27.608,5.198,80.015,101.633,0.156,0,NONE
2026-08-29 19:10:00,19.073,28.157,4.808,79.877,101.882,0.159,0,NONE
2026-08-29 19:15:00,20.819,22.032,4.607,79.89,100.007,0.154,1,VOLTAGE
2026-08-29 19:20:00,22.631,28.192,4.586,79.708,99.756,0.26,0,NONE
2026-08-29 19:25:00,24.412,27.934,5.03,78.691,103.199,0.184,0,NONE
2026-08-29 19:30:00,20.542,28.097,5.114,79.397,100.192,0.199,0,NONE
2026-08-29 19:35:00,20.692,28.055,4.723,80.507,100.047,0.186,0,NONE
2026-08-29 19:40:00,17.705,28.272,5.009,78.645,101.253,0.167,0,NONE
2026-08-29 19:45:00,21.675,28.282,5.2,79.553,101.192,0.192,0,NONE
2026-08-29 19:50:00,19.875,27.433,5.216,79.014,100.217,0.286,0,NONE
2026-08-29 19:55:00,20.941,27.213,8.754,79.724,100.934,0.249,1,CURRENT
2026-08-29 20:00:00,20.246,28.351,5.447,79.289,102.775,0.17,0,NONE
2026-08-29 20:05:00,21.811,28.416,4.65,80.747,100.333,0.223,0,NONE
2026-08-29 20:10:00,18.485,27.643,5.589,79.935,99.628,0.171,0,NONE
2026-08-29 20:15:00,19.066,27.349,4.814,78.446,102.431,0.138,0,NONE
2026-08-29 20:20:00,26.258,28.035,5.366,79.997,101.891,0.236,0,NONE
2026-08-29 20:25:00,44.924,28.326,5.024,78.805,100.555,0.241,1,THERMAL
2026-08-29 20:30:00,19.806,28.629,4.856,78.928,99.401,0.237,0,NONE
2026-08-29 20:35:00,25.674,28.181,4.367,79.606,100.406,0.184,0,NONE
2026-08-29 20:40:00,27.81,27.87,4.94,78.927,101.234,0.194,0,NONE
2026-08-29 20:45:00,19.657,27.687,4.454,79.999,102.699,0.226,0,NONE
2026-08-29 20:50:00,21.264,28.004,5.339,78.63,100.056,0.214,0,NONE
2026-08-29 20:55:00,22.683,27.895,5.531,78.72,101.199,0.186,0,NONE
2026-08-29 21:00:00,25.457,27.645,4.721,78.655,102.11,0.143,0,NONE
2026-08-29 21:05:00,20.026,28.717,5.106,78.692,98.442,0.204,0,NONE
2026-08-29 21:10:00,21.509,28.625,4.746,79.989,102.541,0.238,0,NONE
2026-08-29 21:15:00,23.555,28.398,4.78,79.578,99.881,0.158,0,NONE
2026-08-29 21:20:00,22.87,27.678,5.271,80.408,101.698,0.222,0,NONE
2026-08-29 21:25:00,21.248,28.299,4.987,80.819,101.596,0.212,0,NONE
2026-08-29 21:30:00,41.057,28.224,5.609,78.145,102.602,0.226,1,THERMAL
2026-08-29 21:35:00,19.25,28.155,4.831,78.991,101.961,0.231,0,NONE
2026-08-29 21:40:00,21.524,28.437,5.35,77.959,98.447,0.176,0,NONE
2026-08-29 21:45:00,21.467,28.222,5.034,78.243,100.358,0.143,0,NONE
2026-08-29 21:50:00,22.464,28.259,5.279,78.326,101.466,0.181,0,NONE
2026-08-29 21:55:00,20.889,28.223,4.843,77.949,101.066,0.231,0,NONE
2026-08-29 22:00:00,22.943,28.119,4.983,77.918,101.873,0.181,0,NONE
2026-08-29 22:05:00,24.025,27.376,4.96,78.61,102.247,1.044,1,VIBRATION
2026-08-29 22:10:00,22.311,28.029,4.707,77.717,102.03,0.136,0,NONE
2026-08-29 22:15:00,22.704,27.805,5.232,79.329,101.043,0.261,0,NONE
2026-08-29 22:20:00,22.106,27.552,5.228,77.886,99.084,0.229,0,NONE
2026-08-29 22:25:00,22.0,28.589,5.208,80.833,100.753,0.227,0,NONE
2026-08-29 22:30:00,20.557,28.605,5.538,78.189,101.8,0.234,0,NONE
2026-08-29 22:35:00,22.633,28.476,5.507,78.573,99.991,0.22,0,NONE
2026-08-29 22:40:00,21.805,28.089,4.869,77.444,102.058,0.191,0,NONE
2026-08-29 22:45:00,26.186,28.473,5.131,79.81,102.39,0.194,0,NONE
2026-08-29 22:50:00,25.147,28.004,4.782,79.306,101.452,0.185,0,NONE
2026-08-29 22:55:00,22.772,28.071,5.008,78.613,97.623,0.292,0,NONE
2026-08-29 23:00:00,20.474,27.617,4.79,77.263,99.766,0.219,0,NONE
2026-08-29 23:05:00,19.775,28.139,5.567,78.474,103.563,0.184,0,NONE
2026-08-29 23:10:00,24.382,28.021,5.127,77.373,100.644,0.216,0,NONE
2026-08-29 23:15:00,22.525,27.544,4.924,79.405,98.919,0.165,0,NONE
2026-08-29 23:20:00,22.96,27.982,5.418,78.847,102.782,0.253,0,NONE
2026-08-29 23:25:00,18.511,27.972,4.24,78.241,101.316,0.177,0,NONE
2026-08-29 23:30:00,23.855,28.629,4.295,76.181,102.626,0.218,0,NONE
2026-08-29 23:35:00,22.909,24.149,5.279,77.308,101.632,0.237,1,VOLTAGE
2026-08-29 23:40:00,19.779,28.004,5.021,78.61,101.85,0.213,0,NONE
2026-08-29 23:45:00,21.057,28.087,5.088,78.995,101.736,0.203,0,NONE
2026-08-29 23:50:00,22.527,28.015,4.536,78.877,102.137,0.2,0,NONE
2026-08-29 23:55:00,22.105,27.929,4.992,76.681,104.033,0.198,0,NONE
2026-08-30 00:00:00,21.416,27.621,5.701,78.161,102.465,0.18,0,NONE
2026-08-30 00:05:00,21.793,27.947,5.288,78.697,99.404,0.184,0,NONE
2026-08-30 00:10:00,21.496,27.739,5.059,76.523,101.836,0.252,0,NONE
2026-08-30 00:15:00,22.305,27.562,4.846,77.809,102.67,0.196,0,NONE
2026-08-30 00:20:00,24.943,28.179,4.862,77.999,102.743,0.172,0,NONE
2026-08-30 00:25:00,16.867,28.137,4.255,77.504,100.788,0.182,0,NONE
2026-08-30 00:30:00,21.526,27.375,5.09,76.228,102.698,0.239,0,NONE
2026-08-30 00:35:00,22.353,27.957,5.296,77.414,102.413,0.224,0,NONE
2026-08-30 00:40:00,22.592,28.348,4.449,77.378,104.387,0.22,0,NONE
2026-08-30 00:45:00,21.256,28.371,4.769,77.487,100.4,0.191,0,NONE
2026-08-30 00:50:00,18.487,28.359,4.595,77.119,100.691,0.22,0,NONE
2026-08-30 00:55:00,22.656,28.014,4.662,77.181,100.933,0.177,0,NONE
2026-08-30 01:00:00,25.455,27.704,5.019,77.468,100.712,0.191,0,NONE
2026-08-30 01:05:00,18.932,27.621,4.27,77.819,100.232,0.234,0,NONE
2026-08-30 01:10:00,23.728,28.121,5.215,77.186,97.985,0.231,0,NONE
2026-08-30 01:15:00,21.343,24.838,5.264,77.067,100.778,0.166,1,VOLTAGE
2026-08-30 01:20:00,21.877,28.451,4.912,77.434,101.743,0.17,0,NONE
2026-08-30 01:25:00,19.894,28.385,4.132,75.788,100.708,0.204,0,NONE
2026-08-30 01:30:00,21.331,27.954,4.651,77.672,103.622,0.26,0,NONE
2026-08-30 01:35:00,24.6,27.565,5.432,77.255,101.316,0.133,0,NONE
2026-08-30 01:40:00,23.165,27.888,4.028,77.252,102.849,0.21,0,NONE
2026-08-30 01:45:00,25.465,28.076,4.878,77.954,101.614,0.152,0,NONE
2026-08-30 01:50:00,24.355,27.929,4.587,75.588,102.292,0.178,0,NONE
2026-08-30 01:55:00,22.878,27.798,5.282,75.536,101.635,0.187,0,NONE
2026-08-30 02:00:00,43.083,28.089,4.764,77.299,102.943,0.185,1,THERMAL
2026-08-30 02:05:00,22.878,27.824,5.141,77.039,101.367,0.181,0,NONE
2026-08-30 02:10:00,23.656,27.78,5.198,77.146,101.895,0.2,0,NONE
2026-08-30 02:15:00,21.407,28.109,5.643,76.605,101.74,0.181,0,NONE
2026-08-30 02:20:00,22.133,27.859,4.929,77.471,100.954,0.149,0,NONE
2026-08-30 02:25:00,20.605,28.085,5.132,77.651,101.786,0.227,0,NONE
2026-08-30 02:30:00,23.979,28.096,4.48,77.257,103.981,0.226,0,NONE
2026-08-30 02:35:00,19.643,27.601,5.417,76.626,100.976,0.23,0,NONE
2026-08-30 02:40:00,23.565,27.832,4.734,75.114,101.803,0.146,0,NONE
2026-08-30 02:45:00,21.619,28.503,4.804,77.38,102.809,0.21,0,NONE
2026-08-30 02:50:00,24.342,27.593,4.992,77.707,102.668,0.224,0,NONE
2026-08-30 02:55:00,23.502,27.259,4.453,77.211,101.314,0.164,0,NONE
2026-08-30 03:00:00,25.641,27.348,5.08,75.956,98.44,0.2,0,NONE
2026-08-30 03:05:00,23.462,28.01,5.339,77.164,101.92,0.196,0,NONE
2026-08-30 03:10:00,18.856,28.011,5.103,77.278,98.637,0.264,0,NONE
2026-08-30 03:15:00,21.866,27.959,4.444,77.802,103.064,0.267,0,NONE
2026-08-30 03:20:00,19.656,28.425,4.957,75.819,101.503,0.142,0,NONE
2026-08-30 03:25:00,41.612,27.065,5.26,76.304,102.5,0.287,1,THERMAL
2026-08-30 03:30:00,25.022,28.139,4.343,77.048,100.217,0.168,0,NONE
2026-08-30 03:35:00,23.275,28.547,4.624,76.461,99.437,0.234,0,NONE
2026-08-30 03:40:00,20.602,27.605,5.307,75.486,101.613,0.234,0,NONE
2026-08-30 03:45:00,19.973,27.867,5.095,76.677,101.26,0.165,0,NONE
2026-08-30 03:50:00,22.066,27.736,5.144,76.773,100.71,0.217,0,NONE
2026-08-30 03:55:00,19.567,27.687,5.651,76.345,101.402,0.196,0,NONE
2026-08-30 04:00:00,20.658,27.886,5.164,76.416,104.621,0.219,0,NONE
2026-08-30 04:05:00,22.624,28.5,5.23,75.998,102.301,0.208,0,NONE
2026-08-30 04:10:00,24.311,28.643,5.949,77.353,102.559,0.242,0,NONE
2026-08-30 04:15:00,23.218,27.882,4.925,75.414,102.313,0.203,0,NONE
2026-08-30 04:20:00,17.417,28.667,4.721,75.63,103.075,0.194,0,NONE
2026-08-30 04:25:00,22.609,28.012,5.15,76.074,101.072,0.238,0,NONE
2026-08-30 04:30:00,22.144,28.614,5.154,76.733,98.834,0.22,0,NONE
2026-08-30 04:35:00,22.828,27.967,4.816,74.797,101.074,0.226,0,NONE
2026-08-30 04:40:00,25.232,28.046,4.639,74.912,102.274,0.177,0,NONE
2026-08-30 04:45:00,17.874,28.128,5.808,74.295,100.136,0.163,0,NONE
2026-08-30 04:50:00,20.818,29.113,5.114,75.916,101.088,0.18,0,NONE
2026-08-30 04:55:00,23.182,28.298,4.744,74.96,100.47,0.178,0,NONE
2026-08-30 05:00:00,18.837,27.752,5.321,75.512,103.102,0.228,0,NONE
2026-08-30 05:05:00,24.952,28.339,4.962,76.314,102.199,0.234,0,NONE
2026-08-30 05:10:00,22.737,27.873,4.911,75.237,102.082,0.195,0,NONE
2026-08-30 05:15:00,23.693,27.829,5.197,75.9,102.046,0.25,0,NONE
2026-08-30 05:20:00,20.858,28.318,4.548,75.441,101.255,0.248,0,NONE
2026-08-30 05:25:00,23.628,28.011,5.123,76.183,101.537,0.209,0,NONE
2026-08-30 05:30:00,24.137,28.098,5.67,75.99,99.878,0.171,0,NONE
2026-08-30 05:35:00,22.466,28.005,5.163,75.021,98.676,0.255,0,NONE
2026-08-30 05:40:00,22.469,28.118,4.868,75.405,101.48,0.198,0,NONE
2026-08-30 05:45:00,22.541,28.149,4.823,76.34,101.689,0.204,0,NONE
2026-08-30 05:50:00,20.273,27.322,4.856,75.785,102.751,0.188,0,NONE
2026-08-30 05:55:00,21.705,28.233,4.911,74.317,103.186,0.169,0,NONE
2026-08-30 06:00:00,21.695,27.656,4.868,75.924,103.184,0.149,0,NONE
2026-08-30 06:05:00,22.767,27.495,5.321,21.207,100.102,0.222,1,BATTERY
2026-08-30 06:10:00,24.0,27.98,4.393,76.46,100.877,0.173,0,NONE
2026-08-30 06:15:00,19.883,24.458,5.302,76.114,101.876,0.307,1,VOLTAGE
2026-08-30 06:20:00,21.75,27.757,4.867,75.492,104.338,0.162,0,NONE
2026-08-30 06:25:00,24.963,28.291,5.132,75.351,103.076,0.156,0,NONE
2026-08-30 06:30:00,20.513,27.53,4.606,75.023,102.643,0.218,0,NONE
2026-08-30 06:35:00,20.355,27.858,5.465,75.698,100.835,0.254,0,NONE
2026-08-30 06:40:00,22.405,27.795,5.436,74.823,100.24,0.202,0,NONE
2026-08-30 06:45:00,23.689,27.984,5.336,75.273,102.247,0.22,0,NONE
2026-08-30 06:50:00,22.023,28.098,4.47,75.748,113.397,0.135,1,PRESSURE
2026-08-30 06:55:00,24.658,27.647,5.29,19.526,101.014,0.176,1,BATTERY
2026-08-30 07:00:00,23.714,28.253,5.142,74.487,101.162,0.162,0,NONE
2026-08-30 07:05:00,23.684,28.022,4.438,73.99,103.211,0.134,0,NONE
2026-08-30 07:10:00,23.108,27.338,4.991,74.058,100.874,0.204,0,NONE
2026-08-30 07:15:00,26.655,27.314,5.128,73.412,98.373,0.122,0,NONE
2026-08-30 07:20:00,21.59,27.996,5.195,75.424,101.905,0.154,0,NONE
2026-08-30 07:25:00,17.993,27.923,5.062,76.252,100.461,0.181,0,NONE
2026-08-30 07:30:00,25.209,27.964,5.102,75.91,101.351,0.171,0,NONE
2026-08-30 07:35:00,21.085,27.99,5.516,73.434,101.196,0.214,0,NONE
2026-08-30 07:40:00,22.216,28.079,5.429,75.28,100.972,0.211,0,NONE
2026-08-30 07:45:00,24.619,28.332,3.997,75.803,102.248,0.231,0,NONE
2026-08-30 07:50:00,18.795,27.611,4.889,74.265,99.461,0.226,0,NONE
2026-08-30 07:55:00,19.497,27.59,4.942,74.676,100.68,0.24,0,NONE
2026-08-30 08:00:00,18.797,27.617,4.387,72.954,102.121,0.2,0,NONE
2026-08-30 08:05:00,20.412,28.101,5.033,74.738,100.563,0.211,0,NONE
2026-08-30 08:10:00,22.879,28.436,5.437,73.639,99.369,0.218,0,NONE
2026-08-30 08:15:00,23.048,27.849,4.62,74.615,102.102,0.205,0,NONE
2026-08-30 08:20:00,22.553,27.124,5.118,73.171,102.648,0.186,0,NONE
2026-08-30 08:25:00,19.174,27.404,4.679,74.819,113.788,0.188,1,PRESSURE
2026-08-30 08:30:00,17.38,27.708,4.765,75.17,98.947,2.18,1,VIBRATION
2026-08-30 08:35:00,22.109,27.805,5.517,73.688,102.147,0.215,0,NONE
2026-08-30 08:40:00,21.056,27.857,4.81,73.37,99.308,0.197,0,NONE
2026-08-30 08:45:00,22.919,28.014,5.162,72.52,101.671,0.177,0,NONE
2026-08-30 08:50:00,23.404,27.891,4.345,73.997,100.235,0.177,0,NONE
2026-08-30 08:55:00,22.276,28.367,5.652,73.71,99.908,0.158,0,NONE
2026-08-30 09:00:00,23.52,27.763,5.211,72.899,100.77,0.234,0,NONE
2026-08-30 09:05:00,22.458,27.698,4.936,74.467,101.08,0.203,0,NONE
2026-08-30 09:10:00,23.06,28.168,8.375,73.71,100.527,0.17,1,CURRENT
2026-08-30 09:15:00,20.591,27.463,4.507,73.174,102.006,0.228,0,NONE
2026-08-30 09:20:00,21.641,28.136,5.414,73.556,100.765,0.18,0,NONE
2026-08-30 09:25:00,22.394,28.036,4.887,74.822,102.476,0.151,0,NONE
2026-08-30 09:30:00,23.641,27.948,4.929,74.412,101.637,0.236,0,NONE
2026-08-30 09:35:00,21.213,28.556,4.828,73.791,100.463,0.181,0,NONE
2026-08-30 09:40:00,23.042,27.782,4.797,74.355,100.261,0.186,0,NONE
2026-08-30 09:45:00,21.468,28.721,5.243,72.896,99.323,0.201,0,NONE
2026-08-30 09:50:00,21.765,27.921,5.09,73.816,101.649,0.24,0,NONE
2026-08-30 09:55:00,23.659,27.553,5.228,73.873,100.874,0.201,0,NONE
2026-08-30 10:00:00,18.014,28.024,4.997,73.344,98.453,0.158,0,NONE
2026-08-30 10:05:00,19.407,27.623,5.18,74.033,100.657,0.219,0,NONE
2026-08-30 10:10:00,19.036,27.737,4.853,73.026,100.219,0.183,0,NONE
2026-08-30 10:15:00,17.333,28.139,5.78,74.023,103.191,0.266,0,NONE
2026-08-30 10:20:00,20.643,28.194,4.451,74.021,99.257,0.2,0,NONE
2026-08-30 10:25:00,23.499,27.782,5.441,71.211,99.57,0.122,0,NONE
2026-08-30 10:30:00,21.43,28.346,5.479,74.462,102.632,0.213,0,NONE
2026-08-30 10:35:00,22.396,28.405,4.702,71.037,102.928,0.268,0,NONE
2026-08-30 10:40:00,24.178,28.503,5.78,72.947,100.406,0.255,0,NONE
2026-08-30 10:45:00,24.655,23.169,5.348,74.225,100.541,0.264,1,VOLTAGE
2026-08-30 10:50:00,21.862,28.477,5.34,73.116,102.039,0.164,0,NONE
2026-08-30 10:55:00,24.707,27.342,5.01,72.162,98.507,0.232,0,NONE
2026-08-30 11:00:00,22.184,24.517,4.924,72.425,99.067,0.175,1,VOLTAGE
2026-08-30 11:05:00,20.325,27.697,4.927,74.087,100.963,0.208,0,NONE
2026-08-30 11:10:00,20.811,28.042,5.137,71.693,103.16,0.155,0,NONE
2026-08-30 11:15:00,19.039,27.8,5.49,74.098,100.777,0.177,0,NONE
2026-08-30 11:20:00,20.224,27.942,5.063,73.116,101.421,0.176,0,NONE
2026-08-30 11:25:00,21.284,28.659,4.681,72.171,102.661,0.231,0,NONE
2026-08-30 11:30:00,23.607,27.941,5.289,72.624,103.828,0.228,0,NONE
2026-08-30 11:35:00,25.442,28.145,5.322,72.241,100.608,0.21,0,NONE
2026-08-30 11:40:00,19.236,27.919,5.229,73.713,111.018,0.153,1,PRESSURE
2026-08-30 11:45:00,22.786,28.026,5.261,73.571,103.486,0.189,0,NONE
2026-08-30 11:50:00,19.919,28.002,4.905,71.575,99.473,0.174,0,NONE
2026-08-30 11:55:00,22.949,28.157,4.675,72.592,102.533,0.23,0,NONE
2026-08-30 12:00:00,21.738,28.408,4.696,72.189,100.078,0.241,0,NONE
2026-08-30 12:05:00,18.338,28.577,4.428,73.88,101.423,0.237,0,NONE
2026-08-30 12:10:00,23.857,28.108,5.083,71.73,101.009,0.174,0,NONE
2026-08-30 12:15:00,36.94,28.206,4.971,74.058,100.15,0.104,1,THERMAL
2026-08-30 12:20:00,20.932,27.597,4.846,72.713,100.12,0.138,0,NONE
2026-08-30 12:25:00,19.86,27.969,3.966,71.775,101.632,0.25,0,NONE
2026-08-30 12:30:00,20.691,28.329,4.563,72.128,102.495,0.186,0,NONE
2026-08-30 12:35:00,22.856,28.303,5.392,71.994,101.144,0.174,0,NONE
2026-08-30 12:40:00,21.622,28.074,4.767,71.58,101.384,0.257,0,NONE
2026-08-30 12:45:00,22.657,28.31,5.126,72.641,101.985,0.244,0,NONE
2026-08-30 12:50:00,22.724,28.172,4.513,71.548,100.134,0.201,0,NONE
2026-08-30 12:55:00,24.641,28.42,5.504,70.751,102.188,0.19,0,NONE
2026-08-30 13:00:00,21.314,28.101,4.95,72.156,102.283,0.195,0,NONE
2026-08-30 13:05:00,19.046,27.876,5.102,70.983,104.424,0.208,0,NONE
2026-08-30 13:10:00,24.134,28.118,5.814,71.788,100.849,0.256,0,NONE
2026-08-30 13:15:00,47.013,26.974,5.531,71.628,100.75,0.215,1,THERMAL
2026-08-30 13:20:00,44.215,28.134,4.893,71.623,102.223,0.225,1,THERMAL
2026-08-30 13:25:00,22.767,26.723,4.792,73.886,102.283,0.241,0,NONE
2026-08-30 13:30:00,21.738,27.397,4.886,12.375,100.658,0.159,1,BATTERY
2026-08-30 13:35:00,22.698,28.158,5.178,72.411,100.816,0.226,0,NONE
2026-08-30 13:40:00,25.902,28.167,4.963,70.759,101.949,0.19,0,NONE
2026-08-30 13:45:00,26.154,27.593,4.862,71.622,100.307,0.112,0,NONE
2026-08-30 13:50:00,22.139,27.751,5.514,72.282,100.807,0.126,0,NONE
2026-08-30 13:55:00,22.32,28.48,4.96,71.255,101.408,0.164,0,NONE
2026-08-30 14:00:00,24.152,27.831,5.805,72.766,102.495,0.219,0,NONE
2026-08-30 14:05:00,20.309,28.785,5.032,71.043,100.574,0.204,0,NONE
2026-08-30 14:10:00,22.666,27.999,5.625,71.741,99.089,0.206,0,NONE
2026-08-30 14:15:00,21.948,28.143,5.125,71.466,99.0,0.268,0,NONE
2026-08-30 14:20:00,22.628,28.566,5.337,72.031,99.789,0.156,0,NONE
2026-08-30 14:25:00,20.333,28.046,4.746,71.353,99.724,0.199,0,NONE
2026-08-30 14:30:00,18.821,27.649,4.701,71.613,101.114,0.211,0,NONE
2026-08-30 14:35:00,17.854,27.962,5.161,71.606,99.873,0.174,0,NONE
2026-08-30 14:40:00,19.765,27.988,5.346,71.172,100.457,0.201,0,NONE
2026-08-30 14:45:00,21.083,27.522,5.014,17.408,100.371,0.144,1,BATTERY
2026-08-30 14:50:00,21.414,27.91,4.55,71.881,100.771,0.249,0,NONE
2026-08-30 14:55:00,25.874,27.74,4.524,71.584,102.887,0.176,0,NONE
2026-08-30 15:00:00,24.212,28.324,4.501,71.276,102.094,0.271,0,NONE
2026-08-30 15:05:00,20.076,28.012,4.381,72.222,101.319,0.199,0,NONE
2026-08-30 15:10:00,22.695,27.901,5.038,71.361,100.747,0.236,0,NONE
2026-08-30 15:15:00,21.186,27.963,5.394,71.27,100.78,0.198,0,NONE
2026-08-30 15:20:00,21.431,28.078,4.995,71.564,101.693,0.199,0,NONE
2026-08-30 15:25:00,22.371,28.216,4.209,72.802,102.001,0.18,0,NONE
2026-08-30 15:30:00,23.238,27.65,4.933,70.338,100.211,0.204,0,NONE
2026-08-30 15:35:00,21.321,27.635,4.943,71.991,101.344,0.211,0,NONE
2026-08-30 15:40:00,24.128,28.387,5.734,69.825,98.862,0.173,0,NONE
2026-08-30 15:45:00,19.716,27.856,4.49,71.479,101.554,0.196,0,NONE
2026-08-30 15:50:00,49.418,27.504,4.863,72.53,102.215,0.179,1,THERMAL
2026-08-30 15:55:00,27.195,28.155,5.597,71.626,100.964,0.28,0,NONE
2026-08-30 16:00:00,22.446,28.162,5.157,71.337,103.48,0.197,0,NONE
2026-08-30 16:05:00,24.866,27.464,5.197,70.717,100.243,0.254,0,NONE
2026-08-30 16:10:00,22.183,28.08,5.04,71.155,101.561,0.193,0,NONE
2026-08-30 16:15:00,23.162,28.257,5.115,70.893,101.257,0.209,0,NONE
2026-08-30 16:20:00,21.886,28.131,5.272,70.431,117.61,0.154,1,PRESSURE
2026-08-30 16:25:00,21.659,28.221,4.717,70.793,101.163,0.184,0,NONE
2026-08-30 16:30:00,20.441,27.509,5.307,71.149,101.429,0.207,0,NONE
2026-08-30 16:35:00,22.861,28.116,4.519,70.341,102.318,0.256,0,NONE
2026-08-30 16:40:00,20.297,27.894,5.115,70.275,102.953,0.208,0,NONE
2026-08-30 16:45:00,23.331,27.831,5.063,69.797,101.297,0.248,0,NONE
2026-08-30 16:50:00,24.171,28.305,4.784,71.163,102.278,0.222,0,NONE
2026-08-30 16:55:00,22.733,28.518,4.992,71.251,100.458,0.257,0,NONE
2026-08-30 17:00:00,21.428,28.628,4.782,70.965,102.219,0.198,0,NONE
2026-08-30 17:05:00,22.908,28.46,4.625,71.517,100.386,0.284,0,NONE
2026-08-30 17:10:00,21.383,27.962,4.876,70.78,102.609,0.183,0,NONE
2026-08-30 17:15:00,23.871,28.123,4.614,70.989,103.953,0.173,0,NONE
2026-08-30 17:20:00,18.337,28.268,5.113,70.883,101.153,0.158,0,NONE
2026-08-30 17:25:00,21.329,28.042,4.597,70.532,98.669,0.282,0,NONE
2026-08-30 17:30:00,18.018,24.875,5.249,70.145,100.642,0.229,1,VOLTAGE
2026-08-30 17:35:00,19.01,28.288,4.586,72.306,102.778,0.188,0,NONE
